Name,Tag,Rank,Trophies,3v3Victories,SoloVictories,DuoVictories,BestBrawler,BestBrawlerType
SnakeThug,#CGQCYJGY,1,137026,56090,28240,5519,HANK,Tank
KiraVGX,#P2U2GRQLG,2,134445,26690,10359,9105,STU,Assassin
Kenda,#RQQ08UV,3,134164,49578,7069,6541,FINX,Assassin
Almighty God🐉,#29CVP0V9U,4,131197,45632,14130,5000,MEEPLE,Sharpshooter
Uncle X,#8G2RPPGCL,5,131092,50375,1032,606,MEEPLE,Sharpshooter
有栖,#YQYG2G2V,6,128066,24381,4547,7848,DOUG,Support
×͜×яéǫᴜɪᴇᴍ🥝,#JLCC89P,7,126762,52001,1869,7340,MANDY,Marksman
Prime Wínner〆,#2JUJP2LVR,8,124428,70921,4333,1906,COLT,Damage Dealer
モロク「Moroku」,#28LQG9PU,9,124368,38316,1675,3553,LOLA,Damage Dealer
𝑺𝒆𝒍𝒆𝒏 🩷,#RQ09P9ULY,10,124000,3760,8974,2302,PAM,Support
èbuu31,#8UUY8QG2,11,123524,44392,2855,8612,BUSTER,Tank
SecRet,#YQCY2U89J,12,123496,29569,4682,1424,CORDELIUS,Assassin
tilpd,#9YCVCJ9P9,13,123230,41769,5985,1709,KIT,Support
背刺者𖤐,#P22J8JP8,14,122893,61453,4256,4607,MEEPLE,Sharpshooter
Toki 👽,#YQPU92C0,15,122223,44345,6688,3770,GALE,Controller
Sussne🦥,#PLQQ0R22,16,121960,38784,3114,6183,JANET,Marksman
ᴘᴇᴅɪ 🪶 ʟᴜᴠᴇ?,#Y92UV9GUP,17,121000,24076,3996,1721,NANI,Marksman
FWs|Barney🦖,#200VLU82U,18,120982,18474,14267,19334,BULL,Tank
даня фриланс,#2CYV9R8V9,19,120887,17110,4946,2945,MANDY,Marksman
AFCA|Txaxz,#LPQR2UGQ,20,120765,34516,6368,5258,DOUG,Support
Diorz,#PPQRLLCL8,21,120344,22511,3197,6827,BUSTER,Tank
♛𝓬𝓻𝓪𝔃𝔂❦|火ツ,#LCLR0RPUP,22,120167,31452,3078,2703,MINA,Unknown
Deyan#1,#82R8QL9JP,23,120107,15936,3977,2361,LUMI,Damage Dealer
@kevenprime12🐙,#20PYL2RVP,24,119780,36947,2232,2852,MICO,Assassin
Ď𝒓ịx✨サム,#UL20GLYQ,25,118561,21896,4437,5928,MINA,Unknown
Jmtxhs🃏,#Y8U88GUPV,26,118570,40630,3164,1459,MELODIE,Assassin
Britt🤍Drank,#LYUYC2Y9,27,118446,23341,3272,2338,HANK,Tank
るいまる〜♬おぅおぅ⤴︎,#JYG0Y2QC,28,118116,37711,807,1931,DARRYL,Tank
ShY | LoUsty💞,#9PCRL2VLL,29,117846,19349,8437,2359,MORTIS,Assassin
𝐙𝐞𝐲𝐫𝐢𝐬🪐,#PYQ0YP08,30,117629,28657,6284,11204,OTIS,Controller
🦅Sankiøs,#20CVGPRC9,31,117266,46824,9590,4927,ROSA,Tank
™Babayev🤍027,#8QPPL22P9,32,117209,23000,3782,7499,DOUG,Support
Crxptic🤍,#L80CQUPPJ,33,117024,18360,5422,3670,MEEPLE,Sharpshooter
Morzéy.,#VGGR2RLC,34,117006,23846,5646,7814,SHELLY,Damage Dealer
금신태풍,#YP8LVCCR,35,116697,23771,2723,10686,SURGE,Damage Dealer
HunZz,#20C09UC0Y,36,116661,45798,1170,3576,BO,Controller
HM|RECHAPON🐰,#L80JV2GU9,37,116615,15916,5800,5547,BUSTER,Tank
Mahiru Shiina💛,#YLGR2C8UC,38,116594,28606,752,785,MEEPLE,Sharpshooter
TMN|ᴮᴬᴰsᴀᴍᴜᴇʟ🖤,#UVQ9V8JG,39,116565,34452,7601,3684,OLLIE,Assassin
Disarted ❤️‍🔥,#PLGQVV20L,40,116419,25296,6000,2065,SQUEAK,Controller
Tribe | gas,#8Y9JPUJR8,41,116386,33354,9708,6229,BROCK,Marksman
tt:LilSapatilla,#8JJ0UY2GC,42,116320,31932,3409,2683,SAM,Assassin
★Vℓadaツ★,#2CV28QG2V,43,116318,20019,3247,2270,HANK,Tank
Natsuki Subaru,#9VVGUGCR,44,116237,27945,1710,589,LEON,Assassin
Skywalker,#2LGP8JV90C,45,116011,11012,3615,1080,JANET,Marksman
ᴘᴀᴋɪᴛᴀ✨,#89J2JRQ0,46,115794,33931,5568,9681,SHELLY,Damage Dealer
TB|Situren,#YYVYYLU80,47,115714,32395,1137,2877,TRUNK,Unknown
Mandalina01,#8P2VYCCVG,48,115684,24105,10355,5346,OTIS,Controller
FNX|Snow,#2QRV0G8CY,49,115515,6124,3625,4039,LILY,Assassin
@FronkBS,#8GLG029RG,50,115501,35006,3865,3509,SHELLY,Damage Dealer
Lilipower1,#8020L2QYQ,51,115499,26044,4492,2991,KIT,Support
ÂnyLevêl❤️‍🔥,#88YP0GPGP,52,115419,37346,3587,2637,JAE-YONG,Unknown
ハリネズミ,#2LPY8P0CC,53,115391,18930,2713,2455,DOUG,Support
SST | COBRA,#Y89U0V0QJ,54,115267,12296,5504,1896,SHELLY,Damage Dealer
KS|Zurui,#PUVP29QVQ,55,115195,70589,1661,2533,SHADE,Assassin
GA|Orso,#28Y2QPRV0,56,115073,30027,3902,4283,JACKY,Tank
PS|Menaâceヤ,#YP9YVYQJ,57,115049,6617,4234,6274,LILY,Assassin
RxN|Viper 🐍,#2RLY88CUR,58,115026,47326,20612,5371,ANGELO,Marksman
Fur🌺,#2LCQJCJ0Y,59,115019,22136,6004,2765,CROW,Assassin
ɴᴀᴘᴏʟᴇᴛᴀɴᴏᵍᵒᵈ♧︎,#82CUGJYVC,60,114935,19752,5474,4540,EMZ,Controller
phatpenguin2,#9V90VU88,61,114863,36221,9775,3497,TICK,Artillery
velc,#QLLQQQY2L,62,114800,12856,1909,6476,GALE,Controller
yuber,#2YJYLG0C9,63,114782,27741,4399,4502,FINX,Assassin
Nicky2Sticky,#RUYJQY9VG,64,114781,17999,1894,1458,AMBER,Controller
きゃnちゃん,#R0PJLLR8,65,114748,35874,2053,9089,DOUG,Support
❦Dino|暗い↯,#P9992202,66,114664,45220,3346,4153,BEA,Marksman
Benzito,#2CJLCJLYL,67,114556,63092,1057,4639,MINA,Unknown
とろいめーらい🕊‎🤍,#28CLCLP8UV,68,114478,16216,1641,7072,TICK,Artillery
HEX|EUTANAZJA,#2QRQJ0JQGC,69,114469,27277,1248,1548,CORDELIUS,Assassin
Mytrojacs,#GCRR908VL,70,114320,12974,16829,2010,SURGE,Damage Dealer
キャラメルフラペチーノ,#9GC2PRQYJ,71,114279,37141,4441,3765,CHARLIE,Controller
❀|𝒩𝒾𝒸ℴ🌺 ¹⁰,#2QYPR02GY,72,114145,17843,5111,9863,LILY,Assassin
QLS|Tony,#8JPJ8J9U0,73,114154,29535,5965,8299,EMZ,Controller
slarkevich,#2RY2G2CVU,74,114085,21408,6345,9372,DOUG,Support
SK • Maycon🖤,#YGU92PYU9,75,114013,85457,6871,835,BROCK,Marksman
P𝚊𝚔𝚢𝚢🏆ᵍᵒᵈ,#8PUJC0YVL,76,114001,70461,2192,11450,PIPER,Marksman
Kenyatta,#P009JL2L,77,114000,11319,4001,281,DOUG,Support
Olomoso 306,#2UVJCGL0Y,78,113864,20462,9812,3637,MEEPLE,Sharpshooter
Toxik,#2L9RUJ0RL,79,113860,15833,6283,3760,MEEPLE,Sharpshooter
Birne,#9JYUUJRGY,80,113836,22527,6118,3937,MINA,Unknown
〆|ζ͜ƦʙʟƦεɨʂ⸙〆|ζ,#2Q2JGU98R,81,113789,38223,859,7607,OLLIE,Assassin
StephenCURRY🍬,#9Y9GJRGCC,82,113649,19034,8850,2751,KENJI,Assassin
Thur🌹女性,#GJQCQRGUG,83,113537,39650,2200,734,MAISIE,Marksman
монтікс最強?🍥,#9J2VP8URR,84,113521,13061,7010,3655,CHARLIE,Controller
T@|Snazzy我🍃,#229RJU9LP,85,113498,16252,3671,3460,GUS,Support
NLG|Verm,#2VRQQUVC,86,113475,34193,1330,1542,MAX,Support
⚘CＲＭＮ|ＶＡＬＨＲＯTＨ,#YPYGVQLLP,87,113470,23920,2620,4309,BUSTER,Tank
QA| DORII,#YY9LPYL29,88,113409,14646,5891,2139,GALE,Controller
ORN|Universy 🐝,#VQ2GGUGG,89,113396,18409,23317,5108,CROW,Assassin
永遠の愛ᴛᴏɪʏᴀ💕ɴ,#99GGYJLQG,90,113368,26624,2726,11236,CORDELIUS,Assassin
꧁Rìøt|𝓜𝓲𝓳𝓾꧂,#GL9CPRQJP,91,113361,18761,1713,7830,JAE-YONG,Unknown
Avalanche🏮,#80CYRQU8J,92,113387,30147,5778,6027,GALE,Controller
EXO|EscotoZx 🦜,#2U92QUYR9,93,113326,32767,1989,1659,SHELLY,Damage Dealer
BL|Érhan,#PUVRJQRQU,94,113312,4914,6496,2073,SHELLY,Damage Dealer
Øekabøekaツ,#28YGJLQGL,95,113275,33845,2008,10776,MINA,Unknown
𝖈𝖍𝖆𝖇𝖊ヤ,#PVLUQQV92,96,113269,18241,4720,4564,RUFFS,Support
♕らΛ尺ƓƐЛŤØ®,#8QYR9U820,97,113185,29631,10376,27494,GALE,Controller
KSN|Jackob🥶,#CG9QV2U,98,113159,18012,2911,3748,MEEPLE,Sharpshooter
Darkside❦,#8U2UGVC0Y,99,113108,13635,5739,3046,BULL,Tank
BS|ℳ𝑜𝓇𝓉𝒾s🔥,#L2Y8QPLC9,100,113081,12171,11516,2515,SHELLY,Damage Dealer
〆|ζ͜Eren,#22PCV99CU,101,113041,17500,3798,3763,SHELLY,Damage Dealer
J ~ Murphy,#Y9CJCQ0YJ,102,113033,11649,7512,9471,CORDELIUS,Assassin
felix 🧸,#PYQJ90LP8,103,113018,15672,3437,2619,LILY,Assassin
BL|Âhmett,#P88CLUV00,104,113007,9508,5421,5586,MEG,Tank
Xentampo816🍥,#2GYJY2QUC,105,112979,31271,5126,1072,SHELLY,Damage Dealer
⏳ | Ɽâȼ_𝟝 死,#P9JYVUP8U,106,112927,23029,1870,2523,JACKY,Tank
Brendannn🧸,#9J89UUC2L,107,112916,53651,2740,1339,SAM,Assassin
夜|Natou ✨,#P8U9GY,108,112891,95639,7439,4338,GALE,Controller
stasio 67😅,#2P0YPV8RP,109,112870,11566,5281,4017,DOUG,Support
Uoidsip💍Yラ,#8Y2YCLCGV,110,112869,58054,2641,1756,MINA,Unknown
🇷🇴Alex|Ro 🇷,#8LP90G0U2,111,112880,9303,9863,1707,SHELLY,Damage Dealer
Paniks浅,#Y0PY2LPP9,112,112837,23785,4102,5006,MELODIE,Assassin
Kzm໒꒱·̩͙．,#Y99UQCV0V,113,112728,17303,2655,8293,BUZZ,Assassin
MG|Mutsuzgenç,#9V22LGPPJ,114,112620,26133,1002,3005,SHELLY,Damage Dealer
Hârún67🧸,#PP2JQGJ92,115,112560,28632,4170,3355,SURGE,Damage Dealer
joshee💫그림자💙,#PCQJ9GV88,116,112559,22218,3290,3357,MEG,Tank
❀𝐶𝑎𝑟𝑙𝑜𝑠✘,#PR8RVU0UV,117,112502,23160,2148,4434,BULL,Tank
Code: Physic 🦢,#VL0GPPJV,118,112467,94877,906,1160,COLT,Damage Dealer
TRB|KâBuS🇹🇷,#2C0CJ2QPC,119,112442,43423,3614,4301,SHELLY,Damage Dealer
YT | ALEX11,#Q9PJP20P,120,112397,28445,5525,3895,ANGELO,Marksman
매료,#8VCPGU08L,121,112343,29923,6362,15178,PAM,Support
Art Of Hêøfxヤ,#P9RVQP2,122,112337,10239,1624,5597,SHELLY,Damage Dealer
saquire,#2J90RPUU0,123,112323,46886,2220,3269,CHESTER,Damage Dealer
⛩️𝕱lorianano乂,#8Q8PPUGC9,124,112304,16677,9379,5500,HANK,Tank
Maes🦈,#22PP2U2C8,125,112283,26356,2044,2731,GALE,Controller
SOAR | PBJ,#8CLGP9GRL,126,112266,22939,2211,2353,CROW,Assassin
SK|Jonas🩸,#Y0G8P0LQJ,127,112231,14750,9020,5537,CORDELIUS,Assassin
Атом,#20V8QU9CU,128,112220,26820,3706,5852,SHELLY,Damage Dealer
发Vegeta.🦇,#LYG9L8VU,129,112208,30445,5908,5864,GALE,Controller
YoruKage,#2J9CPU9RY,130,112046,18184,5075,3806,SHELLY,Damage Dealer
好友 | 𝒓𝒐𝒕𝒆𝒛𝒆𝒈 🤍,#9U2PGYJRY,131,112040,32109,2580,4592,POCO,Support
Asap❤️,#9UC0R2V2L,132,111981,61832,739,3601,BYRON,Support
鬥士的爺爺,#202C82VLV,133,111969,26290,3572,2298,HANK,Tank
So|超級皓皓,#8RCQ2C9LC,134,111816,27838,12070,3063,SHELLY,Damage Dealer
kuolemantuho77,#9C9J2PP00,135,111800,19649,2457,1124,PAM,Support
🎋|nice kill|🦊,#PVUGYG9P8,136,111734,21970,4670,4588,SURGE,Damage Dealer
miniwilliam_2.0,#8UL22V22,137,111727,13967,4398,2973,EMZ,Controller
OTM|`𝓝𝓮𝓞11🥂,#PCU2QRQLJ,138,111707,15786,7553,3339,HANK,Tank
🥀akashi🏀🇯🇵,#8RR9UPJQJ,139,111674,5554,3532,2677,EL PRIMO,Tank
nayrhet88,#CUVQ99PP,140,111673,38295,7726,6024,SHELLY,Damage Dealer
SDG|James ☠️,#2LYGV9QLLL,141,111601,1909,3529,6274,EDGAR,Assassin
Nexo,#99PVPC2YG,142,111555,25756,2280,6556,NANI,Marksman
slicedbutter,#G2CRQRV82,143,111535,15720,2439,1956,SURGE,Damage Dealer
Yurielle유리,#8Q92GPYV9,144,111528,27714,2764,2926,CORDELIUS,Assassin
Kanzi,#L2UQCCR9,145,111468,12085,7872,2470,ANGELO,Marksman
🍀Mark🍀,#LYR0CQCG,146,111417,28091,6697,7468,CORDELIUS,Assassin
ARM|Sun💛Piper,#P0P9GYYRC,147,111382,18345,4074,6278,DOUG,Support
Lexíêe↯,#GPRYUU2Y,148,111347,13341,4401,3939,AMBER,Controller
Tamazo,#Q9PQ9VUV8,149,111359,14823,2639,1088,CORDELIUS,Assassin
Mago🀄️,#LYJU2UCG8,150,111335,20322,4972,1373,PIPER,Marksman
頹┊𝕐𝕒𝕟𝕘⚡︎,#202QLCPYR,151,111333,27715,5231,4996,LILY,Assassin
Rain🌧,#8LUPY2PG0,152,111283,32919,1262,1835,SHELLY,Damage Dealer
KMG|Jimbo,#8GPR8Y99L,153,111281,17705,7092,3641,SHELLY,Damage Dealer
fluzzi,#20LJL2J00,154,111271,17407,2382,4775,BUSTER,Tank
Jwesty💞,#RP298RL,155,111220,31846,3711,5349,EMZ,Controller
Leo,#88P2L0CG,156,111214,27165,2801,3741,MOE,Damage Dealer
𝐒𝐘⭑𝐀𝐇𝐌𝐄𝐃,#GURJ8028,157,111199,8305,16181,4677,SHELLY,Damage Dealer
MF|𝐋𝐞𝐯𝐢ᴶᴷ,#PQ0LQPCJU,158,111205,12505,5755,1657,CHESTER,Damage Dealer
ᴀʀᴄʜᴇʀᴏɴヤ🍋‍🟩,#8JR2CYCPC,159,111152,15729,5757,2589,GRIFF,Controller
☂️𝘥𝘢𝘬è︻デ═一,#Y082LYJ02,160,111115,15230,2283,2591,DOUG,Support
EF|Faith🎀,#P2U29C0J9,161,111111,28595,4036,2512,SHELLY,Damage Dealer
マティアMシグマスキビッド🐊,#9RVGJLRR0,162,111111,14606,5630,4701,NITA,Damage Dealer
Quit Vend.,#9L2PYJ8L2,163,111111,12065,6618,1208,MINA,Unknown
ske,#2JV0809V,164,111111,29370,4168,19062,BROCK,Marksman
Rantao❤️‍🔥,#998JUPCY0,165,111111,21894,3251,2385,JUJU,Artillery
Øffsxy💘,#20J09PGYU,166,111098,71746,4594,5339,BIBI,Tank
Kickerbuar,#2LCQ9LQY2,167,111097,32540,7484,1525,SHELLY,Damage Dealer
a.k.a. F_Y_,#28JULGR0J,168,111069,21690,6548,2391,JAE-YONG,Unknown
🌻SF | 𝗧𝖔𝖉𝖎,#JJ0RJY9V8,169,111031,4710,3686,1728,SHELLY,Damage Dealer
ʜɪᴋɪɢᴀʏᴀ❦,#U909PP92,170,110978,22562,1572,1330,CORDELIUS,Assassin
🧸ᴀʟᴇɴᴀ.ᴀ💕,#29YGLGGG,171,110951,14180,5005,5105,HANK,Tank
YT: elcioo🖤み,#2LCJLCVYG,172,110939,17256,1017,1470,COLT,Damage Dealer
женя арбитраж,#P8PQLLG2Y,173,110933,18599,1813,7662,JAE-YONG,Unknown
Death night✨🤍,#2V29YRLYL,174,110909,9821,11571,6049,CORDELIUS,Assassin
━ Lausa :･✧,#PPLJ98U00,175,110893,16851,6752,3679,EMZ,Controller
oof,#888J9998L,176,110834,36736,13709,5280,PAM,Support
Nana Deviluke,#P2G82CR8,177,110848,55915,3845,1040,SHELLY,Damage Dealer
DaddyJanki🥵,#2LVYUQC9P,178,110831,39919,2382,7768,HANK,Tank
XP|Orpenonen,#2R0LL0CR,179,110844,75949,3589,20616,BO,Controller
EsċuJi1̶7̶,#9RQQVUJJ0,180,110776,10649,5555,7082,HANK,Tank
Nightt.↯,#80808UQGV,181,110775,30351,1227,5775,SHELLY,Damage Dealer
⛩| Nexor星,#2GR2VPVYG,182,110764,22882,2250,5662,SHELLY,Damage Dealer
Unstoppable ✞,#YPQCVLC8P,183,110753,16943,4143,4751,STU,Assassin
BG|H҉A҉Ç҉K҉E҉R҉,#YGC9JG928,184,110734,22320,1963,3896,TRUNK,Unknown
Lukas,#YLGJGPCGC,185,110724,15836,3459,3343,CORDELIUS,Assassin
PS|Elijah🍷,#9YYYV99UG,186,110713,31610,11547,2989,HANK,Tank
👾|Ꮭὗḋὄ ↻,#9VVG0UPJP,187,110657,36104,4707,3386,CROW,Assassin
Emilia🤍,#GVLC0GL89,188,110599,17461,4073,2243,MOE,Damage Dealer
美 | zelo 🦢,#9CUJP9RGR,189,110586,52175,8599,3067,CORDELIUS,Assassin
Alexus,#CYLYVQ0P,190,110583,31879,6881,5781,LEON,Assassin
ᴰᵃʳᵏ᭄ʟᴇɢᴇɴᴅ࿐🖤,#CVQJ8RPU,191,110522,17478,2866,9569,JACKY,Tank
K2|Yuna,#2U2RLU9CU,192,110491,27265,4088,2133,KIT,Support
鑼魔ᵏᶜᵖ🥀🧃,#UP0G8JQQ,193,110481,6753,3824,3060,CHESTER,Damage Dealer
valksxy𖤐,#RJQLL2RJ,194,110452,9057,5171,5457,CORDELIUS,Assassin
RNGesus,#UVQYY9GC,195,110448,11886,1911,6142,OTIS,Controller
Niklasをあかさたな👅,#P09QPV0C0,196,110435,13468,7218,6574,CORDELIUS,Assassin
Sházam代,#922RLYYC8,197,110405,19949,6078,1387,EVE,Damage Dealer
snowzz281,#2P028G0PG,198,110366,9964,9005,5588,LOLA,Damage Dealer
Mokö|Wave,#2LL8LLJQG,199,110361,72192,758,2204,MINA,Unknown
Kryokaa🎁,#20L0C9GCP,200,110359,49763,528,671,MELODIE,Assassin
