Name,Tag,Rank,ExpPoints,Trophies,3v3Victories,SoloVictories,DuoVictories,BestBrawler,BestBrawlerType
Uncle X,#8G2RPPGCL,1,580689,138031,51345,1032,606,MEEPLE,Sharpshooter
Kenda,#RQQ08UV,2,835740,138000,49983,7101,6541,FINX,Assassin
KiraVGX,#P2U2GRQLG,3,746514,137283,26986,10402,9266,STU,Assassin
SnakeThug,#CGQCYJGY,4,1093444,137176,56118,28264,5519,HANK,Tank
Almighty God🐉,#29CVP0V9U,5,993658,135682,45637,14457,5000,MEEPLE,Sharpshooter
有栖,#YQYG2G2V,6,532034,131689,24840,4658,7856,DOUG,Support
×͜×яéǫᴜɪᴇᴍ🥝,#JLCC89P,7,689222,130636,52306,1877,7471,MANDY,Marksman
モロク「Moroku」,#28LQG9PU,8,565476,129136,38816,1680,3553,LOLA,Damage Dealer
tilpd,#9YCVCJ9P9,9,695792,127747,41953,6309,1709,KIT,Support
背刺者𖤐,#P22J8JP8,10,927098,127564,61942,4256,4607,MEEPLE,Sharpshooter
𝑺𝒆𝒍𝒆𝒏 🩷,#RQ09P9ULY,11,293792,127382,3807,9335,2304,PAM,Support
èbuu31,#8UUY8QG2,12,844663,125984,44750,2863,8612,BUSTER,Tank
OG|SecRet,#YQCY2U89J,13,465091,125257,29711,4833,1424,CORDELIUS,Assassin
Toki 👽,#YQPU92C0,14,768283,125140,44502,6803,3793,GALE,Controller
Sussne🦥,#PLQQ0R22,15,663772,124555,38990,3177,6183,JANET,Marksman
Prime Wínner〆,#2JUJP2LVR,16,974904,124428,70923,4333,1906,COLT,Damage Dealer
♛𝓬𝓻𝓪𝔃𝔂❦|火ツ,#LCLR0RPUP,17,498466,123841,31727,3165,2703,MINA,Unknown
Diorz,#PPQRLLCL8,18,447541,123548,22659,3292,6846,BUSTER,Tank
FWs|Barney🦖,#200VLU82U,19,1097857,123280,18611,14344,19347,BULL,Tank
даня фриланс,#2CYV9R8V9,20,508349,122711,17361,4955,3038,MANDY,Marksman
ᴘᴇᴅɪ 🪶 ʟᴜᴠᴇ?,#Y92UV9GUP,21,414324,122518,24078,4120,1721,NANI,Marksman
Txaxz.,#LPQR2UGQ,22,696944,122154,34754,6398,5265,DOUG,Support
Jmtxhs🃏,#Y8U88GUPV,23,551540,121706,40945,3211,1499,MELODIE,Assassin
@kevenprime12🐙,#20PYL2RVP,24,521412,121459,37172,2238,2881,MICO,Assassin
Egoist.,#82R8QL9JP,25,381192,120107,15971,3977,2361,LUMI,Damage Dealer
𝐙𝐞𝐲𝐫𝐢𝐬🪐,#PYQ0YP08,26,821673,120049,28677,6448,11205,OTIS,Controller
금신태풍,#YP8LVCCR,27,609404,120016,23835,2882,10722,SURGE,Damage Dealer
HunZz,#20C09UC0Y,28,674820,120000,46030,1256,3578,MANDY,Marksman
™Babayev🤍027,#8QPPL22P9,29,603102,119995,23030,3922,7515,DOUG,Support
Britt🤍Drank,#LYUYC2Y9,30,400688,119705,23468,3295,2338,HANK,Tank
Crxptic🤍,#L80CQUPPJ,31,436751,119442,18679,5426,3714,MEEPLE,Sharpshooter
ShY | LoUsty💞,#9PCRL2VLL,32,506790,119406,19359,8545,2359,MORTIS,Assassin
FNX|Snow,#2QRV0G8CY,33,297612,119304,6125,3839,4040,LILY,Assassin
★Vℓadaツ★,#2CV28QG2V,34,433857,119231,20029,3438,2270,HANK,Tank
Skywalker,#2LGP8JV90C,35,240606,119113,11022,3744,1080,JANET,Marksman
ᴘᴀᴋɪᴛᴀ✨,#89J2JRQ0,36,837082,119094,33931,5783,9696,SHELLY,Damage Dealer
Morzéy.,#VGGR2RLC,37,653769,119005,23850,5804,7814,R-T,Damage Dealer
Natsuki Subaru,#9VVGUGCR,38,450082,118812,27976,1825,589,R-T,Damage Dealer
HEX|EUTANAZJA,#2QRQJ0JQGC,39,303449,118784,27675,1314,1548,CORDELIUS,Assassin
るいまる〜♬おぅおぅ⤴︎,#JYG0Y2QC,40,491025,118693,37909,807,1932,DARRYL,Tank
Keksik🦋,#YLGR2C8UC,41,372659,118601,28911,757,785,MEEPLE,Sharpshooter
Ď𝒓ịx✨サム,#UL20GLYQ,42,437518,118561,21896,4437,5928,MINA,Unknown
🦅Sankiøs,#20CVGPRC9,43,909417,118476,46943,9611,4927,ROSA,Tank
TB|Situren,#YYVYYLU80,44,452333,118247,32569,1206,2882,TRUNK,Unknown
QLS|Tony,#8JPJ8J9U0,45,759286,118051,29730,6080,8318,EMZ,Controller
HM|RECHAPON🐰,#L80JV2GU9,46,506666,117948,16155,5809,5547,BUSTER,Tank
Mandalina01,#8P2VYCCVG,47,728399,117752,24152,10448,5350,OTIS,Controller
KS|Zurui,#PUVP29QVQ,48,886731,117712,70927,1665,2533,SHADE,Assassin
Disarted ❤️‍🔥,#PLGQVV20L,49,585904,117617,25393,6044,2065,GROM,Artillery
Lilipower1,#8020L2QYQ,50,582510,117591,26056,4607,2991,GROM,Artillery
❦Dino|暗い↯,#P9992202,51,727214,117421,45376,3480,4153,MOE,Damage Dealer
Fur🌺,#2LCQJCJ0Y,52,519615,117434,22185,6211,2765,R-T,Damage Dealer
J ~ Murphy,#Y9CJCQ0YJ,53,614951,117371,11684,7788,9472,CORDELIUS,Assassin
TMN|ᴮᴬᴰsᴀᴍᴜᴇʟ🖤,#UVQ9V8JG,54,715722,117273,34464,7666,3686,OLLIE,Assassin
キャラメルフラペチーノ,#9GC2PRQYJ,55,699919,117107,37292,4612,3765,EL PRIMO,Tank
@FronkBS,#8GLG029RG,56,637106,117092,35121,3931,3509,SHELLY,Damage Dealer
PS|Menaâceヤ,#YP9YVYQJ,57,409762,117003,6623,4288,6278,LILY,Assassin
RxN|Viper 🐍,#2RLY88CUR,58,1233188,116969,47354,20762,5377,ANGELO,Marksman
Tribe | gas,#8Y9JPUJR8,59,865496,116931,33372,9816,6229,BROCK,Marksman
tt:LilSapatilla,#8JJ0UY2GC,60,589563,116932,32061,3415,2683,SAM,Assassin
Nicky2Sticky,#RUYJQY9VG,61,269389,116725,18289,1937,1475,AMBER,Controller
とろいめーらい🕊‎🤍,#28CLCLP8UV,62,346455,116711,16499,1669,7134,FRANK,Tank
きゃnちゃん,#R0PJLLR8,63,769152,116568,35894,2141,9118,DOUG,Support
ORN|Universy 🐝,#VQ2GGUGG,64,880746,116489,18431,23506,5109,CROW,Assassin
phatpenguin2,#9V90VU88,65,875872,116392,36261,9877,3497,TICK,Artillery
〆|ζ͜ƦʙʟƦεɨʂ⸙〆|ζ,#2Q2JGU98R,66,676322,116366,38322,968,7607,OLLIE,Assassin
SST | COBRA,#Y89U0V0QJ,67,357751,116362,12322,5560,1896,SHELLY,Damage Dealer
Toxik,#2L9RUJ0RL,68,526014,116282,15843,6438,3760,MEEPLE,Sharpshooter
Mytrojacs,#GCRR908VL,69,459918,116144,12975,16991,2010,SURGE,Damage Dealer
P𝚊𝚔𝚢𝚢🏆ᵍᵒᵈ,#8PUJC0YVL,70,1118542,116104,70904,2194,11450,PIPER,Marksman
монтікс最強?🍥,#9J2VP8URR,71,503838,116055,13084,7108,3662,CHARLIE,Controller
❀|𝒩𝒾𝒸ℴ🌺 ¹⁰,#2QYPR02GY,72,623111,116044,17853,5189,9883,LILY,Assassin
永遠の愛ᴛᴏɪʏᴀ💕ɴ,#99GGYJLQG,73,664131,116013,26666,2927,11238,R-T,Damage Dealer
T@|Snazzy我🍃,#229RJU9LP,74,433401,115936,16323,3744,3462,GUS,Support
EXO|EscotoZx 🦜,#2U92QUYR9,75,554805,115920,32903,2096,1677,SHELLY,Damage Dealer
ハリネズミ,#2LPY8P0CC,76,404691,115843,18985,2735,2455,R-T,Damage Dealer
♕らΛ尺ƓƐЛŤØ®,#8QYR9U820,77,1251935,115855,29695,10530,27494,GALE,Controller
ÂnyLevêl❤️‍🔥,#88YP0GPGP,78,588605,115793,37462,3595,2637,JAE-YONG,Unknown
yuber,#2YJYLG0C9,79,494805,115785,27845,4475,4502,FINX,Assassin
KSN|Jackob🥶,#CG9QV2U,80,384308,115776,18115,3090,3768,R-T,Damage Dealer
StephenCURRY🍬,#9Y9GJRGCC,81,403268,115765,19034,9054,2751,R-T,Damage Dealer
saquire,#2J90RPUU0,82,674578,115740,47319,2220,3269,CHESTER,Damage Dealer
Olomoso 306,#2UVJCGL0Y,83,544339,115737,20513,9942,3638,MEEPLE,Sharpshooter
Kenyatta,#P009JL2L,84,241676,115738,11335,4070,281,DOUG,Support
⚘CＲＭＮ|ＶＡＬＨＲＯTＨ,#YPYGVQLLP,85,410457,115720,24130,2638,4325,BUSTER,Tank
Birne,#9JYUUJRGY,86,511169,115629,22569,6214,3940,MINA,Unknown
slarkevich,#2RY2G2CVU,87,698958,115593,21463,6469,9376,DOUG,Support
Avalanche🏮,#80CYRQU8J,88,612732,115586,30254,5888,6027,GALE,Controller
stasio 67😅,#2P0YPV8RP,89,427644,115508,11570,5433,4021,DOUG,Support
GA|Orso,#28Y2QPRV0,90,704133,115449,30028,3924,4283,JACKY,Tank
velc,#QLLQQQY2L,91,331673,115434,12959,1939,6479,GALE,Controller
Kanzi,#L2UQCCR9,92,471692,115316,12096,8045,2470,ANGELO,Marksman
🇷🇴Alex|Ro 🇷,#8LP90G0U2,93,491843,115271,9307,10007,1721,SHELLY,Damage Dealer
Атом,#20V8QU9CU,94,703393,115254,26870,3824,5867,SHELLY,Damage Dealer
BS|ℳ𝑜𝓇𝓉𝒾s🔥,#L2Y8QPLC9,95,467632,115072,12171,11640,2515,R-T,Damage Dealer
Thur🌹女性,#GJQCQRGUG,96,425387,115068,39847,2215,734,BEA,Marksman
ɴᴀᴘᴏʟᴇᴛᴀɴᴏᵍᵒᵈ♧︎,#82CUGJYVC,97,533747,114994,19774,5480,4542,EMZ,Controller
꧁Rìøt|𝓜𝓲𝓳𝓾꧂,#GL9CPRQJP,98,409883,114833,18928,1716,7830,JAE-YONG,Unknown
Benzito,#2CJLCJLYL,99,916109,114692,63177,1057,4639,MINA,Unknown
SK • Maycon🖤,#YGU92PYU9,100,874772,114689,85584,6875,835,BROCK,Marksman
❀𝐶𝑎𝑟𝑙𝑜𝑠✘,#PR8RVU0UV,101,553911,114612,23248,2221,4434,BULL,Tank
⛩️𝕱lorianano乂,#8Q8PPUGC9,102,599272,114606,16717,9547,5500,HANK,Tank
YT | ALEX11,#Q9PJP20P,103,559183,114601,28469,5728,3895,ANGELO,Marksman
夜|Natou ✨,#P8U9GY,104,1227700,114557,95956,7439,4339,DOUG,Support
nayrhet88,#CUVQ99PP,105,951470,114527,38404,7922,6024,SHELLY,Damage Dealer
𝖈𝖍𝖆𝖇𝖊ヤ,#PVLUQQV92,106,436349,114451,18278,4792,4565,RUFFS,Support
Maes🦈,#22PP2U2C8,107,445012,114393,26760,2051,2731,GALE,Controller
🌻SF | 𝗧𝖔𝖉𝖎,#JJ0RJY9V8,108,238993,114335,4715,3796,1782,SHELLY,Damage Dealer
a.k.a. F_Y_,#28JULGR0J,109,553806,114300,21950,6562,2502,JAE-YONG,Unknown
Paniks浅,#Y0PY2LPP9,110,519707,114284,23910,4189,5014,MELODIE,Assassin
OTM|`𝓝𝓮𝓞11🥂,#PCU2QRQLJ,111,474101,114279,15788,7787,3352,HANK,Tank
〆|ζ͜Eren,#22PCV99CU,112,443307,114272,17517,3868,3769,SHELLY,Damage Dealer
Boomie,#GQC8VLJC,113,535699,114226,10538,7348,11664,GRIFF,Controller
发Vegeta.🦇,#LYG9L8VU,114,680219,114196,30479,5983,5907,R-T,Damage Dealer
SDG|James ☠️,#2LYGV9QLLL,115,279334,114197,1909,3635,6274,EDGAR,Assassin
Asap❤️,#9UC0R2V2L,116,617549,114148,62203,740,3601,BYRON,Support
鬥士的爺爺,#202C82VLV,117,520281,114117,26436,3651,2298,HANK,Tank
好友 | 𝒓𝒐𝒕𝒆𝒛𝒆𝒈 🤍,#9U2PGYJRY,118,585882,113926,32192,2686,4594,POCO,Support
MG|Mutsuzgenç,#9V22LGPPJ,119,425005,113864,26193,1032,3008,SHELLY,Damage Dealer
joshee💫그림자💙,#PCQJ9GV88,120,477200,113853,22222,3358,3361,MEG,Tank
SK|Jonas🩸,#Y0G8P0LQJ,121,641706,113831,14780,9082,5555,CORDELIUS,Assassin
valksxy𖤐,#RJQLL2RJ,122,362636,113816,9112,5286,5490,CORDELIUS,Assassin
Hârún67🧸,#PP2JQGJ92,123,645152,113813,28848,4175,3355,SURGE,Damage Dealer
So|超級皓皓,#8RCQ2C9LC,124,716253,113801,28159,12081,3064,SHELLY,Damage Dealer
Unstoppable ✞,#YPQCVLC8P,125,440028,113766,16999,4286,4763,STU,Assassin
PANCHO🇲🇽,#2LUVPJVPU,126,1170016,113771,82068,3644,8103,R-T,Damage Dealer
npc011,#9V0GYC90Y,127,386311,113742,12949,5264,1524,R-T,Damage Dealer
BL|Érhan,#PUVRJQRQU,128,363691,113733,4914,6515,2073,SHELLY,Damage Dealer
felix 🧸,#PYQJ90LP8,129,441372,113749,15787,3464,2619,LILY,Assassin
Øekabøekaツ,#28YGJLQGL,130,624332,113735,33970,2036,10776,MINA,Unknown
Rain🌧,#8LUPY2PG0,131,544176,113664,32952,1397,1835,SHELLY,Damage Dealer
Darkside❦,#8U2UGVC0Y,132,421115,113640,13696,5758,3046,BULL,Tank
slicedbutter,#G2CRQRV82,133,310969,113532,16011,2458,1956,SURGE,Damage Dealer
kuolemantuho77,#9C9J2PP00,134,401214,113517,19712,2510,1124,PAM,Support
QA| DORII,#YY9LPYL29,135,452388,113499,14746,5902,2141,GALE,Controller
YT: elcioo🖤み,#2LCJLCVYG,136,216344,113493,17615,1022,1473,COLT,Damage Dealer
Art Of Hêøfxヤ,#P9RVQP2,137,289766,113487,10260,1656,5670,SHELLY,Damage Dealer
NLG|Verm,#2VRQQUVC,138,588971,113475,34212,1330,1542,MAX,Support
BL|Âhmett,#P88CLUV00,139,484073,113438,9543,5444,5586,MEG,Tank
⏳ | Ɽâȼ_𝟝 死,#P9JYVUP8U,140,397825,113368,23038,1891,2530,PAM,Support
Tamazo,#Q9PQ9VUV8,141,542036,113351,14863,2698,1088,BARLEY,Artillery
R͎ay 💞 Valeria,#2PUC9CU8Y,142,1023621,113349,70531,8868,3106,MORTIS,Assassin
Øffsxy💘,#20J09PGYU,143,1154739,113313,71925,4661,5339,BIBI,Tank
PAZ,#82LY8PPJP,144,725059,113300,46284,2754,1778,BYRON,Support
Kryokaa🎁,#20L0C9GCP,145,619051,113231,50089,553,671,GRIFF,Controller
Code: Physic 🦢,#VL0GPPJV,146,999600,113178,95010,906,1160,COLT,Damage Dealer
🎋|nice kill|🦊,#PVUGYG9P8,147,512892,113177,22021,4755,4613,SURGE,Damage Dealer
Xentampo816🍥,#2GYJY2QUC,148,519643,113156,31303,5126,1075,SHELLY,Damage Dealer
━ Lausa :･✧,#PPLJ98U00,149,501565,113120,16970,6847,3691,EMZ,Controller
どるふぃんみさき‎🤍,#PU2RQVU0,150,815889,113113,34362,4231,10830,GRIFF,Controller
LL|Shady🇨🇭,#YG8LL2YQU,151,277105,113103,18915,993,1389,CARL,Damage Dealer
🥀akashi🏀🇯🇵,#8RR9UPJQJ,152,210845,113093,5554,3604,2677,ROSA,Tank
XP|Orpenonen,#2R0LL0CR,153,1260490,113088,75960,3755,20616,BO,Controller
𝙰𝚎𝚛𝚒𝚘𝚗 🐉,#PLUGCUURP,154,698331,113067,12653,11087,6454,OLLIE,Assassin
🍀Mark🍀,#LYR0CQCG,155,774228,113024,28098,6790,7473,CORDELIUS,Assassin
Uoidsip💍Yラ,#8Y2YCLCGV,156,654901,113020,58069,2643,1756,MINA,Unknown
ʜɪᴋɪɢᴀʏᴀ❦,#U909PP92,157,340626,113017,22914,1572,1330,MANDY,Marksman
YoruKage,#2J9CPU9RY,158,521370,113003,18229,5123,3814,SHELLY,Damage Dealer
👾|Ꮭὗḋὄ ↻,#9VVG0UPJP,159,698593,113003,36202,4825,3386,CROW,Assassin
Kzm໒꒱·̩͙．,#Y99UQCV0V,160,423279,112997,17330,2661,8318,BUZZ,Assassin
TRB|KâBuS🇹🇷,#2C0CJ2QPC,161,711423,112956,43426,3649,4301,SHELLY,Damage Dealer
Brendannn🧸,#9J89UUC2L,162,808445,112916,53651,2740,1339,SAM,Assassin
Trevor,#2QYJQ2920,163,579965,112838,26836,4047,3599,FANG,Assassin
SOAR | PBJ,#8CLGP9GRL,164,398584,112815,22947,2240,2353,CROW,Assassin
DaddyJanki🥵,#2LVYUQC9P,165,723454,112573,39990,2458,7772,HANK,Tank
MF|alaprochaine,#P20P0JQGJ,166,261479,112537,20036,1071,2518,NANI,Marksman
매료,#8VCPGU08L,167,1003437,112521,29948,6376,15178,PAM,Support
ᴸᴬᴄͪˢɪ ×̷̷͜×̷,#YL2L9UQC,168,755231,112501,37775,7365,6832,BULL,Tank
Jwesty💞,#RP298RL,169,673672,112490,31897,3790,5349,EMZ,Controller
頹┊𝕐𝕒𝕟𝕘⚡︎,#202QLCPYR,170,697699,112484,27772,5287,4996,LILY,Assassin
〆ζ͜͡α∂є͜͡м'🖤,#PLPPPLLQJ,171,487062,112380,17901,5204,3720,BYRON,Support
💩RANDOMS=QUIT,#20J2Q0JRC,172,547805,112355,12007,8620,2728,EL PRIMO,Tank
🎭𝒟𝑒𝒶𝓉𝒽🎭,#GC8J2R9GC,173,324794,112348,9337,4624,3052,SHELLY,Damage Dealer
♜King🤴🏻Luis♜,#2VURG0V9J,174,1514743,112324,90915,5483,16797,NANI,Marksman
Paul💤,#V2G8Y9PU,175,443540,112271,20029,1567,8894,GRAY,Support
Marcelina💞,#8RY229P82,176,415916,112257,25547,1916,1169,EMZ,Controller
ItzKxrzy?🧊,#8UYCRQ9PJ,177,306339,112244,20849,1243,553,R-T,Damage Dealer
ARM|Sun💛Piper,#P0P9GYYRC,178,504129,112221,18360,4113,6282,DOUG,Support
❄|_MaX_|❄,#9UQGV2J2P,179,510893,112184,8907,3348,13138,SHELLY,Damage Dealer
Alexus,#CYLYVQ0P,180,764806,112127,32030,6926,5781,LEON,Assassin
鑼魔ᵏᶜᵖ🥀🧃,#UP0G8JQQ,181,317885,112109,6765,3897,3061,CHESTER,Damage Dealer
Nexo,#99PVPC2YG,182,455422,112104,25823,2280,6556,NANI,Marksman
Cursed🔮,#9GVY2CUG,183,697377,112093,30607,6230,2997,FANG,Assassin
Mago🀄️,#LYJU2UCG8,184,373487,112092,20398,5002,1373,PIPER,Marksman
BG☆Timide,#8QU99UP9,185,902147,112080,43064,2794,12884,WILLOW,Controller
Yurielle유리,#8Q92GPYV9,186,479932,112084,27799,2802,2937,CORDELIUS,Assassin
🌟Itz Dark🌟,#9C2VR29L8,187,428064,112062,21636,3089,3569,LOLA,Damage Dealer
Niklasをあかさたな👅,#P09QPV0C0,188,556202,112044,13509,7319,6582,CORDELIUS,Assassin
Mega Kok. s,#2YL2QV2CR,189,874398,112028,24980,16146,12301,DOUG,Support
Rantao❤️‍🔥,#998JUPCY0,190,422686,112018,21940,3311,2385,JUJU,Artillery
fluzzi,#20LJL2J00,191,442443,112016,17447,2414,4776,BUSTER,Tank
EF|Faith🎀,#P2U29C0J9,192,579153,112011,28616,4082,2512,SHELLY,Damage Dealer
Leo,#88P2L0CG,193,482785,112007,27267,2809,3744,MOE,Damage Dealer
AkukuMan!,#8PCUCC09L,194,630714,112013,16227,5042,12428,ANGELO,Marksman
Sházam代,#922RLYYC8,195,546958,111926,19954,6191,1387,EVE,Damage Dealer
miniwilliam_2.0,#8UL22V22,196,359049,111902,13967,4411,2973,EMZ,Controller
Sayrex,#20VQYGC9Y,197,544020,111901,18723,5547,5218,HANK,Tank
3868208,#L9Q8G2RG,198,355104,111825,18155,2734,2328,SHELLY,Damage Dealer
𝔚𝔄𝔇𝔄🫧🐣,#LQ8UV9GR0,199,495886,111805,25849,2427,4838,GRIFF,Controller
Лега Вася 753,#G008VJRQG,200,363598,111787,24325,3449,2696,PAM,Support
